"Tanggal","Terakhir","Pembukaan","Tertinggi","Terendah","Vol.","Perubahan%"
"01/04/2026","105,87","103,63","111,89","86,09","7,34M","-10,54%"
"01/03/2026","118,35","81,57","119,50","75,75","13,01M","63,29%"
"01/02/2026","72,48","68,60","73,00","65,19","6,39M","2,53%"
"01/01/2026","70,69","60,86","71,89","59,75","7,57M","16,17%"
"01/12/2025","60,85","62,69","64,09","58,72","5,09M","-2,45%"
"01/11/2025","62,38","64,60","64,98","60,96","5,58M","-3,69%"
"01/10/2025","64,77","65,77","66,12","59,97","7,56M","-3,36%"
"01/09/2025","67,02","67,42","70,76","65,07","5,45M","-1,61%"
"01/08/2025","68,12","71,83","72,00","65,01","5,29M","-4,99%"
"01/07/2025","71,70","65,70","72,83","65,48","6,73M","6,05%"
"01/06/2025","67,61","63,20","81,40","63,00","8,87M","5,81%"
"01/05/2025","63,90","61,23","66,81","58,50","6,53M","1,24%"
"01/04/2025","63,12","74,67","75,47","58,40","8,78M","-15,55%"
"01/03/2025","74,74","73,04","74,81","68,33","5,81M","2,65%"
"01/02/2025","72,81","75,92","76,78","71,92","5,75M","-5,15%"
"01/01/2025","76,76","74,93","82,63","74,72","7,49M","2,84%"
"01/12/2024","74,64","72,00","74,89","70,85","4,94M","3,90%"
"01/11/2024","71,84","73,71","75,79","70,45","5,29M","-1,33%"
"01/10/2024","72,81","71,59","80,55","69,68","6,87M","1,45%"
"01/09/2024","71,77","76,95","77,63","68,68","6,12M","-6,71%"
"01/08/2024","76,93","80,87","81,46","74,62","6,59M","-4,84%"
"01/07/2024","80,84","84,11","87,05","77,95","6,80M","-4,89%"
"01/06/2024","85,00","80,92","86,18","76,66","6,40M","4,80%"
"01/05/2024","81,11","85,10","85,20","80,44","6,43M","-6,05%"
"01/04/2024","86,33","86,12","91,18","85,03","6,37M","-0,77%"
"01/03/2024","87,00","81,35","87,07","80,62","6,46M","6,21%"
"01/02/2024","81,91","80,33","83,13","76,41","5,62M","0,24%"
"01/01/2024","81,71","77,39","84,80","74,79","6,23M","6,06%"
"01/12/2023","77,04","80,67","81,72","72,29","4,66M","-4,72%"
"01/11/2023","80,86","84,78","87,12","76,71","5,82M","-4,89%"
"01/10/2023","85,02","90,48","92,32","82,20","6,35M","-7,79%"
"01/09/2023","92,20","86,22","95,35","86,15","7,50M","6,18%"
"01/08/2023","86,83","84,78","87,37","81,61","5,75M","1,64%"
"01/07/2023","85,43","75,00","85,58","74,40","5,07M","13,29%"
"01/06/2023","75,41","72,06","78,47","71,57","6,00M","3,87%"
"01/05/2023","72,60","79,69","79,82","71,20","5,01M","-9,62%"
"01/04/2023","80,33","85,00","86,90","77,36","4,77M","0,55%"
"01/03/2023","79,89","82,41","86,17","70,06","6,98M","-4,27%"
"01/02/2023","83,45","85,28","86,55","78,84","4,21M","-2,35%"
"01/01/2023","85,46","85,69","89,00","77,77","4,41M","-0,22%"
"01/12/2022","85,65","86,89","89,18","75,64","3,79M","-1,52%"
"01/11/2022","86,97","90,87","97,85","80,81","4,98M","-6,29%"
"01/10/2022","92,81","84,21","96,75","84,21","4,21M","9,01%"
"01/09/2022","85,14","93,88","95,54","82,44","5,09M","-10,98%"
"01/08/2022","95,64","101,34","103,48","90,95","4,31M","-8,01%"
"01/07/2022","103,97","106,03","110,72","91,22","4,22M","-4,64%"
"01/06/2022","109,03","113,14","121,74","104,35","4,64M","-5,68%"
"01/05/2022","115,60","104,53","120,80","100,14","4,23M","7,90%"
"01/04/2022","107,14","103,31","113,61","97,18","4,05M","2,32%"
"01/03/2022","104,71","95,48","134,91","94,61","7,05M","6,88%"
"01/02/2022","97,97","88,22","102,26","86,31","5,51M","9,76%"
"01/01/2022","89,26","77,75","90,27","76,60","4,77M","15,40%"
"01/12/2021","77,35","69,37","80,03","65,48","4,15M","11,73%"
"01/11/2021","69,23","82,44","84,26","67,45","5,86M","-17,31%"
"01/10/2021","83,72","77,67","85,77","76,78","4,91M","6,91%"
"01/09/2021","78,31","70,98","79,95","69,85","5,76M","9,33%"
"01/08/2021","71,63","74,45","74,52","64,20","4,13M","-5,01%"
"01/07/2021","75,41","73,83","76,80","66,91","4,47M","1,06%"
"01/06/2021","74,62","69,07","75,77","68,98","4,85M","8,22%"
"01/05/2021","68,95","66,24","69,90","64,50","4,24M","3,28%"
"01/04/2021","66,76","62,68","68,44","60,93","4,34M","6,41%"
"01/03/2021","62,74","64,00","70,67","60,33","7,08M","-2,61%"
"01/02/2021","64,42","54,70","66,82","54,40","4,59M","17,04%"
"01/01/2021","55,04","51,53","57,31","50,66","4,44M","6,21%"
"01/12/2020","51,82","47,95","52,46","46,81","3,58M","8,23%"
"01/11/2020","47,88","37,80","49,00","36,29","4,05M","26,20%"
"01/10/2020","37,94","42,65","43,99","37,26","4,19M","-10,31%"
"01/09/2020","42,30","45,96","46,57","39,88","4,54M","-7,36%"
"01/08/2020","45,66","43,96","46,90","43,26","3,01M","4,92%"
"01/07/2020","43,52","41,69","45,07","41,10","3,52M","5,45%"
"01/06/2020","41,27","37,80","43,97","37,29","4,15M","9,06%"
"01/05/2020","37,84","28,75","38,17","27,14","3,17M","42,90%"
"01/04/2020","26,48","29,36","38,31","19,99","5,27M","0,49%"
"01/03/2020","26,35","48,59","53,69","25,30","7,81M","-46,95%"
"01/02/2020","49,67","55,89","59,56","48,94","4,99M","-12,27%"
"01/01/2020","56,62","65,52","70,99","55,93","4,82M","-13,28%"
"01/12/2019","65,29","60,12","67,59","59,59","3,44M","7,94%"
"01/11/2019","60,49","58,74","63,58","58,70","3,81M","1,46%"
"01/10/2019","59,62","58,74","62,09","55,55","4,10M","0,62%"
"01/09/2019","59,25","58,40","70,32","56,48","5,88M","0,00%"
"01/08/2019","59,25","63,56","64,05","55,59","4,06M","-8,92%"
"01/07/2019","65,05","64,25","67,27","60,97","4,27M","0,48%"
"01/06/2019","64,74","60,81","66,02","58,42","4,49M","4,44%"
"01/05/2019","61,99","71,07","72,44","61,39","5,07M","-13,97%"
"01/04/2019","72,06","67,21","74,75","67,21","4,29M","6,63%"
"01/03/2019","67,58","66,54","68,48","63,99","4,65M","1,92%"
"01/02/2019","66,31","61,15","67,84","60,54","3,28M","8,99%"
"01/01/2019","60,84","54,44","62,99","52,76","3,84M","12,62%"
"01/12/2018","54,02","59,95","63,93","50,22","3,32M","-9,15%"
"01/11/2018","59,46","74,72","75,03","57,78","4,44M","-20,76%"
"01/10/2018","75,04","82,30","86,27","74,58","4,43M","-9,30%"
"01/09/2018","82,73","77,57","83,41","75,32","4,69M","6,56%"
"01/08/2018","77,64","74,25","78,32","70,67","3,46M","4,62%"
"01/07/2018","74,21","78,56","79,25","71,30","3,86M","-6,34%"
"01/06/2018","79,23","77,44","79,56","72,11","5,31M","2,15%"
"01/05/2018","77,56","74,16","80,50","71,99","5,43M","3,84%"
"01/04/2018","74,69","68,84","75,61","66,29","4,63M","7,72%"
"01/03/2018","69,34","64,26","70,40","62,92","5,31M","7,12%"
"01/02/2018","64,73","68,59","69,72","61,48","4,21M","-6,04%"
"01/01/2018","68,89","66,23","70,78","65,82","4,41M","3,69%"
"01/12/2017","66,44","62,43","66,54","60,94","3,80M","6,08%"
"01/11/2017","62,63","60,78","64,41","59,75","4,90M","2,77%"
"01/10/2017","60,94","56,54","61,19","54,85","4,81M","7,31%"
"01/09/2017","56,79","52,78","58,88","52,01","6,18M","7,43%"
"01/08/2017","52,86","52,86","53,47","49,81","5,24M","0,27%"
"01/07/2017","52,72","49,41","52,90","46,39","4,05M","8,10%"
"01/06/2017","48,77","51,50","51,78","44,60","5,70M","-3,92%"
"01/05/2017","50,76","52,18","54,93","46,98","5,39M","-2,48%"
"01/04/2017","52,05","53,88","56,99","51,01","4,63M","-2,76%"
"01/03/2017","53,53","56,83","57,35","50,00","5,81M","-5,27%"
"01/02/2017","56,51","55,89","57,74","54,74","4,27M","1,67%"
"01/01/2017","55,58","57,75","59,02","54,20","4,12M","-3,32%"